temp_index,T_K,t_eval_s,omega_q_t_eval,free_fidelity,free_distinguishability,sn_init_h1,sn_init_h2,sn_init_h3,qg_init_h1,qg_init_h2,qg_init_h3
0,1e-05,0.0,0.0,1.0,0.0,0.2,1.0,10.0,0.2,1.0,10.0
1,1.0086829812525637e-05,0.0,0.0,1.0,0.0,0.2,1.0,10.0,0.2,1.0,10.0
2,1.0174413566685578e-05,0.0,0.0,1.0,0.0,0.2,1.0,10.0,0.2,1.0,10.0
3,1.0262757808940939e-05,0.0,0.0,1.0,0.0,0.2,1.0,10.0,0.2,1.0,10.0
4,1.0351869142595554e-05,0.0,0.0,1.0,0.0,0.2,1.0,10.0,0.2,1.0,10.0
5,1.0441754228289704e-05,0.0,0.0,1.0,0.0,0.2,1.0,10.0,0.2,1.0,10.0
6,1.0532419784497822e-05,0.0,0.0,1.0,0.0,0.2,1.0,10.0,0.2,1.0,10.0
7,1.0623872588030726e-05,0.0,0.0,1.0,0.0,0.2,1.0,10.0,0.2,1.0,10.0
8,1.0716119474542222e-05,0.0,0.0,1.0,0.0,0.2,1.0,10.0,0.2,1.0,10.0
9,1.0809167339039883e-05,0.0,0.0,1.0,0.0,0.2,1.0,10.0,0.2,1.0,10.0
10,1.0903023136400592e-05,0.0,0.0,1.0,0.0,0.2,1.0,10.0,0.2,1.0,10.0
11,1.0997693881890204e-05,0.0,0.0,1.0,0.0,0.2,1.0,10.0,0.2,1.0,10.0
12,1.1093186651688092e-05,0.0,0.0,1.0,0.0,0.2,1.0,10.0,0.2,1.0,10.0
13,1.118950858341589e-05,0.0,0.0,1.0,0.0,0.2,1.0,10.0,0.2,1.0,10.0
14,1.1286666876671067e-05,0.0,0.0,1.0,0.0,0.2,1.0,10.0,0.2,1.0,10.0
15,1.1384668793565135e-05,0.0,0.0,1.0,0.0,0.2,1.0,10.0,0.2,1.0,10.0
16,1.1483521659266285e-05,0.0,0.0,1.0,0.0,0.2,1.0,10.0,0.2,1.0,10.0
17,1.1583232862547103e-05,0.0,0.0,1.0,0.0,0.2,1.0,10.0,0.2,1.0,10.0
18,1.168380985633668e-05,0.0,0.0,1.0,0.0,0.2,1.0,10.0,0.2,1.0,10.0
19,1.1785260158277746e-05,0.0,0.0,1.0,0.0,0.2,1.0,10.0,0.2,1.0,10.0
20,1.188759135128866e-05,0.0,0.0,1.0,0.0,0.2,1.0,10.0,0.2,1.0,10.0
21,1.1990811084130013e-05,0.0,0.0,1.0,0.0,0.2,1.0,10.0,0.2,1.0,10.0
22,1.2094927071976547e-05,0.0,0.0,1.0,0.0,0.2,1.0,10.0,0.2,1.0,10.0
23,1.2199947096993645e-05,0.0,0.0,1.0,0.0,0.2,1.0,10.0,0.2,1.0,10.0
24,1.2305879008919085e-05,0.0,0.0,1.0,0.0,0.2,1.0,10.0,0.2,1.0,10.0
25,1.2412730725649847e-05,0.0,0.0,1.0,0.0,0.2,1.0,10.0,0.2,1.0,10.0
26,1.252051023383376e-05,0.0,0.0,1.0,0.0,0.2,1.0,10.0,0.2,1.0,10.0
27,1.2629225589466672e-05,0.0,0.0,1.0,0.0,0.2,1.0,10.0,0.2,1.0,10.0
28,1.2738884918494383e-05,0.0,0.0,1.0,0.0,0.2,1.0,10.0,0.2,1.0,10.0
29,1.2849496417420237e-05,0.0,0.0,1.0,0.0,0.2,1.0,10.0,0.2,1.0,10.0
30,1.2961068353917582e-05,0.0,0.0,1.0,0.0,0.2,1.0,10.0,0.2,1.0,10.0
31,1.3073609067447818e-05,0.0,0.0,1.0,0.0,0.2,1.0,10.0,0.2,1.0,10.0
32,1.3187126969883815e-05,0.0,0.0,1.0,0.0,0.2,1.0,10.0,0.2,1.0,10.0
33,1.3301630546138467e-05,0.0,0.0,1.0,0.0,0.2,1.0,10.0,0.2,1.0,10.0
34,1.3417128354799117e-05,0.0,0.0,1.0,0.0,0.2,1.0,10.0,0.2,1.0,10.0
35,1.3533629028767078e-05,0.0,0.0,1.0,0.0,0.2,1.0,10.0,0.2,1.0,10.0
36,1.3651141275902987e-05,0.0,0.0,1.0,0.0,0.2,1.0,10.0,0.2,1.0,10.0
37,1.3769673879677752e-05,0.0,0.0,1.0,0.0,0.2,1.0,10.0,0.2,1.0,10.0
38,1.3889235699828882e-05,0.0,0.0,1.0,0.0,0.2,1.0,10.0,0.2,1.0,10.0
39,1.4009835673022935e-05,0.0,0.0,1.0,0.0,0.2,1.0,10.0,0.2,1.0,10.0
40,1.4131482813523293e-05,0.0,0.0,1.0,0.0,0.2,1.0,10.0,0.2,1.0,10.0
41,1.4254186213864013e-05,0.0,0.0,1.0,0.0,0.2,1.0,10.0,0.2,1.0,10.0
42,1.4377955045529546e-05,0.0,0.0,1.0,0.0,0.2,1.0,10.0,0.2,1.0,10.0
43,1.4502798559640054e-05,0.0,0.0,1.0,0.0,0.2,1.0,10.0,0.2,1.0,10.0
44,1.4628726087643116e-05,0.0,0.0,1.0,0.0,0.2,1.0,10.0,0.2,1.0,10.0
45,1.4755747042011012e-05,0.0,0.0,1.0,0.0,0.2,1.0,10.0,0.2,1.0,10.0
46,1.4883870916944336e-05,0.0,0.0,1.0,0.0,0.2,1.0,10.0,0.2,1.0,10.0
47,1.5013107289081743e-05,0.0,0.0,1.0,0.0,0.2,1.0,10.0,0.2,1.0,10.0
48,1.5143465818215537e-05,0.0,0.0,1.0,0.0,0.2,1.0,10.0,0.2,1.0,10.0
49,1.5274956248013942e-05,0.0,0.0,1.0,0.0,0.2,1.0,10.0,0.2,1.0,10.0
50,1.5407588406749147e-05,0.0,0.0,1.0,0.0,0.2,1.0,10.0,0.2,1.0,10.0
51,1.554137220803217e-05,0.0,0.0,1.0,0.0,0.2,1.0,10.0,0.2,1.0,10.0
52,1.5676317651553627e-05,0.0,0.0,1.0,0.0,0.2,1.0,10.0,0.2,1.0,10.0
53,1.581243482383127e-05,0.0,0.0,1.0,0.0,0.2,1.0,10.0,0.2,1.0,10.0
54,1.594973389896398e-05,0.0,0.0,1.0,0.0,0.2,1.0,10.0,0.2,1.0,10.0
55,1.6088225139392032e-05,0.0,0.0,1.0,0.0,0.2,1.0,10.0,0.2,1.0,10.0
56,1.62279188966644e-05,0.0,0.0,1.0,0.0,0.2,1.0,10.0,0.2,1.0,10.0
57,1.636882561221226e-05,0.0,0.0,1.0,0.0,0.2,1.0,10.0,0.2,1.0,10.0
58,1.651095581812955e-05,0.0,0.0,1.0,0.0,0.2,1.0,10.0,0.2,1.0,10.0
59,1.6654320137960277e-05,0.0,0.0,1.0,0.0,0.2,1.0,10.0,0.2,1.0,10.0
60,1.6798929287492346e-05,0.0,0.0,1.0,0.0,0.2,1.0,10.0,0.2,1.0,10.0
61,1.6944794075558786e-05,0.0,0.0,1.0,0.0,0.2,1.0,10.0,0.2,1.0,10.0
62,1.7091925404845418e-05,0.0,0.0,1.0,0.0,0.2,1.0,10.0,0.2,1.0,10.0
63,1.7240334272705874e-05,0.0,0.0,1.0,0.0,0.2,1.0,10.0,0.2,1.0,10.0
64,1.739003177198371e-05,0.0,0.0,1.0,0.0,0.2,1.0,10.0,0.2,1.0,10.0
65,1.7541029091841295e-05,0.0,0.0,1.0,0.0,0.2,1.0,10.0,0.2,1.0,10.0
66,1.769333751859643e-05,0.0,0.0,1.0,0.0,0.2,1.0,10.0,0.2,1.0,10.0
67,1.784696843656565e-05,0.0,0.0,1.0,0.0,0.2,1.0,10.0,0.2,1.0,10.0
68,1.8001933328915445e-05,0.0,0.0,1.0,0.0,0.2,1.0,10.0,0.2,1.0,10.0
69,1.815824377852032e-05,0.0,0.0,1.0,0.0,0.2,1.0,10.0,0.2,1.0,10.0
70,1.8315911468828656e-05,0.0,0.0,1.0,0.0,0.2,1.0,10.0,0.2,1.0,10.0
71,1.8474948184736113e-05,0.0,0.0,1.0,0.0,0.2,1.0,10.0,0.2,1.0,10.0
72,1.8635365813466223e-05,0.0,0.0,1.0,0.0,0.2,1.0,10.0,0.2,1.0,10.0
73,1.8797176345459217e-05,0.0,0.0,1.0,0.0,0.2,1.0,10.0,0.2,1.0,10.0
74,1.8960391875267975e-05,0.0,0.0,1.0,0.0,0.2,1.0,10.0,0.2,1.0,10.0
75,1.912502460246215e-05,0.0,0.0,1.0,0.0,0.2,1.0,10.0,0.2,1.0,10.0
76,1.929108683254015e-05,0.0,0.0,1.0,0.0,0.2,1.0,10.0,0.2,1.0,10.0
77,1.9458590977848634e-05,0.0,0.0,1.0,0.0,0.2,1.0,10.0,0.2,1.0,10.0
78,1.96275495585106e-05,0.0,0.0,1.0,0.0,0.2,1.0,10.0,0.2,1.0,10.0
79,1.9797975203360916e-05,0.0,0.0,1.0,0.0,0.2,1.0,10.0,0.2,1.0,10.0
80,1.9969880650890378e-05,0.0,0.0,1.0,0.0,0.2,1.0,10.0,0.2,1.0,10.0
81,2.0143278750197993e-05,0.0,0.0,1.0,0.0,0.2,1.0,10.0,0.2,1.0,10.0
82,2.0318182461951087e-05,0.0,0.0,1.0,0.0,0.2,1.0,10.0,0.2,1.0,10.0
83,2.049460485935438e-05,0.0,0.0,1.0,0.0,0.2,1.0,10.0,0.2,1.0,10.0
84,2.0672559129126853e-05,0.0,0.0,1.0,0.0,0.2,1.0,10.0,0.2,1.0,10.0
85,2.0852058572487534e-05,0.0,0.0,1.0,0.0,0.2,1.0,10.0,0.2,1.0,10.0
86,2.1033116606149805e-05,0.0,0.0,1.0,0.0,0.2,1.0,10.0,0.2,1.0,10.0
87,2.1215746763323947e-05,0.0,0.0,1.0,0.0,0.2,1.0,10.0,0.2,1.0,10.0
88,2.1399962694729028e-05,0.0,0.0,1.0,0.0,0.2,1.0,10.0,0.2,1.0,10.0
89,2.158577816961288e-05,0.0,0.0,1.0,0.0,0.2,1.0,10.0,0.2,1.0,10.0
90,2.177320707678163e-05,0.0,0.0,1.0,0.0,0.2,1.0,10.0,0.2,1.0,10.0
91,2.1962263425637512e-05,0.0,0.0,1.0,0.0,0.2,1.0,10.0,0.2,1.0,10.0
92,2.2152961347226143e-05,0.0,0.0,1.0,0.0,0.2,1.0,10.0,0.2,1.0,10.0
93,2.2345315095292876e-05,0.0,0.0,1.0,0.0,0.2,1.0,10.0,0.2,1.0,10.0
94,2.2539339047347888e-05,0.0,0.0,1.0,0.0,0.2,1.0,10.0,0.2,1.0,10.0
95,2.2735047705741187e-05,0.0,0.0,1.0,0.0,0.2,1.0,10.0,0.2,1.0,10.0
96,2.2932455698746282e-05,0.0,0.0,1.0,0.0,0.2,1.0,10.0,0.2,1.0,10.0
97,2.3131577781653697e-05,0.0,0.0,1.0,0.0,0.2,1.0,10.0,0.2,1.0,10.0
98,2.3332428837874014e-05,0.0,0.0,1.0,0.0,0.2,1.0,10.0,0.2,1.0,10.0
99,2.3535023880050004e-05,0.0,0.0,1.0,0.0,0.2,1.0,10.0,0.2,1.0,10.0
100,2.3739378051179118e-05,0.0,0.0,1.0,0.0,0.2,1.0,10.0,0.2,1.0,10.0
101,2.3945506625744983e-05,0.0,0.0,1.0,0.0,0.2,1.0,10.0,0.2,1.0,10.0
102,2.4153425010859467e-05,0.0,0.0,1.0,0.0,0.2,1.0,10.0,0.2,1.0,10.0
103,2.4363148747413963e-05,0.0,0.0,1.0,0.0,0.2,1.0,10.0,0.2,1.0,10.0
104,2.457469351124113e-05,0.0,0.0,1.0,0.0,0.2,1.0,10.0,0.2,1.0,10.0
105,2.4788075114286736e-05,0.0,0.0,1.0,0.0,0.2,1.0,10.0,0.2,1.0,10.0
106,2.500330950579118e-05,0.0,0.0,1.0,0.0,0.2,1.0,10.0,0.2,1.0,10.0
107,2.5220412773482013e-05,0.0,0.0,1.0,0.0,0.2,1.0,10.0,0.2,1.0,10.0
108,2.5439401144776076e-05,0.0,0.0,1.0,0.0,0.2,1.0,10.0,0.2,1.0,10.0
109,2.5660290987992564e-05,0.0,0.0,1.0,0.0,0.2,1.0,10.0,0.2,1.0,10.0
110,2.588309881357663e-05,0.0,0.0,1.0,0.0,0.2,1.0,10.0,0.2,1.0,10.0
111,2.6107841275333118e-05,0.0,0.0,1.0,0.0,0.2,1.0,10.0,0.2,1.0,10.0
112,2.6334535171671748e-05,0.0,0.0,1.0,0.0,0.2,1.0,10.0,0.2,1.0,10.0
113,2.6563197446862354e-05,0.0,0.0,1.0,0.0,0.2,1.0,10.0,0.2,1.0,10.0
114,2.6793845192301552e-05,0.0,0.0,1.0,0.0,0.2,1.0,10.0,0.2,1.0,10.0
115,2.70264956477904e-05,0.0,0.0,1.0,0.0,0.2,1.0,10.0,0.2,1.0,10.0
116,2.7261166202822605e-05,0.0,0.0,1.0,0.0,0.2,1.0,10.0,0.2,1.0,10.0
117,2.7497874397884737e-05,0.0,0.0,1.0,0.0,0.2,1.0,10.0,0.2,1.0,10.0
118,2.7736637925766926e-05,0.0,0.0,1.0,0.0,0.2,1.0,10.0,0.2,1.0,10.0
119,2.797747463288545e-05,0.0,0.0,1.0,0.0,0.2,1.0,10.0,0.2,1.0,10.0
120,2.8220402520616872e-05,0.0,0.0,1.0,0.0,0.2,1.0,10.0,0.2,1.0,10.0
121,2.846543974664313e-05,0.0,0.0,1.0,0.0,0.2,1.0,10.0,0.2,1.0,10.0
122,2.8712604626309217e-05,0.0,0.0,1.0,0.0,0.2,1.0,10.0,0.2,1.0,10.0
123,2.8961915633991736e-05,0.0,0.0,1.0,0.0,0.2,1.0,10.0,0.2,1.0,10.0
124,2.9213391404479956e-05,0.0,0.0,1.0,0.0,0.2,1.0,10.0,0.2,1.0,10.0
125,2.9467050734368862e-05,0.0,0.0,1.0,0.0,0.2,1.0,10.0,0.2,1.0,10.0
126,2.9722912583463673e-05,0.0,0.0,1.0,0.0,0.2,1.0,10.0,0.2,1.0,10.0
127,2.9980996076197477e-05,0.0,0.0,1.0,0.0,0.2,1.0,10.0,0.2,1.0,10.0
128,3.0241320503060226e-05,0.0,0.0,1.0,0.0,0.2,1.0,10.0,0.2,1.0,10.0
129,3.050390532204107e-05,0.0,0.0,1.0,0.0,0.2,1.0,10.0,0.2,1.0,10.0
130,3.076877016008233e-05,0.0,0.0,1.0,0.0,0.2,1.0,10.0,0.2,1.0,10.0
131,3.1035934814546705e-05,0.0,0.0,1.0,0.0,0.2,1.0,10.0,0.2,1.0,10.0
132,3.13054192546972e-05,0.0,0.0,1.0,0.0,0.2,1.0,10.0,0.2,1.0,10.0
133,3.157724362318932e-05,0.0,0.0,1.0,0.0,0.2,1.0,10.0,0.2,1.0,10.0
134,3.185142823757712e-05,0.0,0.0,1.0,0.0,0.2,1.0,10.0,0.2,1.0,10.0
135,3.2127993591831375e-05,0.0,0.0,1.0,0.0,0.2,1.0,10.0,0.2,1.0,10.0
136,3.240696035787167e-05,0.0,0.0,1.0,0.0,0.2,1.0,10.0,0.2,1.0,10.0
137,3.2688349387111645e-05,0.0,0.0,1.0,0.0,0.2,1.0,10.0,0.2,1.0,10.0
138,3.297218171201712e-05,0.0,0.0,1.0,0.0,0.2,1.0,10.0,0.2,1.0,10.0
139,3.325847854767869e-05,0.0,0.0,1.0,0.0,0.2,1.0,10.0,0.2,1.0,10.0
140,3.354726129339691e-05,0.0,0.0,1.0,0.0,0.2,1.0,10.0,0.2,1.0,10.0
141,3.383855153428233e-05,0.0,0.0,1.0,0.0,0.2,1.0,10.0,0.2,1.0,10.0
142,3.413237104286842e-05,0.0,0.0,1.0,0.0,0.2,1.0,10.0,0.2,1.0,10.0
143,3.4428741780739124e-05,0.0,0.0,1.0,0.0,0.2,1.0,10.0,0.2,1.0,10.0
144,3.472768590017064e-05,0.0,0.0,1.0,0.0,0.2,1.0,10.0,0.2,1.0,10.0
145,3.5029225745786674e-05,0.0,0.0,1.0,0.0,0.2,1.0,10.0,0.2,1.0,10.0
146,3.533338385622916e-05,0.0,0.0,1.0,0.0,0.2,1.0,10.0,0.2,1.0,10.0
147,3.564018296584244e-05,0.0,0.0,1.0,0.0,0.2,1.0,10.0,0.2,1.0,10.0
148,3.5949646006372715e-05,0.0,0.0,1.0,0.0,0.2,1.0,10.0,0.2,1.0,10.0
149,3.626179610868235e-05,0.0,0.0,1.0,0.0,0.2,1.0,10.0,0.2,1.0,10.0
150,3.657665660447825e-05,0.0,0.0,1.0,0.0,0.2,1.0,10.0,0.2,1.0,10.0
151,3.68942510280564e-05,0.0,0.0,1.0,0.0,0.2,1.0,10.0,0.2,1.0,10.0
152,3.72146031180604e-05,0.0,0.0,1.0,0.0,0.2,1.0,10.0,0.2,1.0,10.0
153,3.7537736819256036e-05,0.0,0.0,1.0,0.0,0.2,1.0,10.0,0.2,1.0,10.0
154,3.786367628432131e-05,0.0,0.0,1.0,0.0,0.2,1.0,10.0,0.2,1.0,10.0
155,3.8192445875651135e-05,0.0,0.0,1.0,0.0,0.2,1.0,10.0,0.2,1.0,10.0
156,3.852407016717897e-05,0.0,0.0,1.0,0.0,0.2,1.0,10.0,0.2,1.0,10.0
157,3.885857394621303e-05,0.0,0.0,1.0,0.0,0.2,1.0,10.0,0.2,1.0,10.0
158,3.919598221528928e-05,0.0,0.0,1.0,0.0,0.2,1.0,10.0,0.2,1.0,10.0
159,3.953632019404046e-05,0.0,0.0,1.0,0.0,0.2,1.0,10.0,0.2,1.0,10.0
160,3.987961332108059e-05,0.0,0.0,1.0,0.0,0.2,1.0,10.0,0.2,1.0,10.0
161,4.0225887255907025e-05,0.0,0.0,1.0,0.0,0.2,1.0,10.0,0.2,1.0,10.0
162,4.0575167880817806e-05,0.0,0.0,1.0,0.0,0.2,1.0,10.0,0.2,1.0,10.0
163,4.092748130284649e-05,0.0,0.0,1.0,0.0,0.2,1.0,10.0,0.2,1.0,10.0
164,4.1282853855713756e-05,0.0,0.0,1.0,0.0,0.2,1.0,10.0,0.2,1.0,10.0
165,4.164131210179516e-05,0.0,0.0,1.0,0.0,0.2,1.0,10.0,0.2,1.0,10.0
166,4.2002882834107206e-05,0.0,0.0,1.0,0.0,0.2,1.0,10.0,0.2,1.0,10.0
167,4.2367593078309305e-05,0.0,0.0,1.0,0.0,0.2,1.0,10.0,0.2,1.0,10.0
168,4.273547009472452e-05,0.0,0.0,1.0,0.0,0.2,1.0,10.0,0.2,1.0,10.0
169,4.3106541380376506e-05,0.0,0.0,1.0,0.0,0.2,1.0,10.0,0.2,1.0,10.0
170,4.3480834671045086e-05,0.0,0.0,1.0,0.0,0.2,1.0,10.0,0.2,1.0,10.0
171,4.3858377943339594e-05,0.0,0.0,1.0,0.0,0.2,1.0,10.0,0.2,1.0,10.0
172,4.423919941678938e-05,0.0,0.0,1.0,0.0,0.2,1.0,10.0,0.2,1.0,10.0
173,4.462332755595379e-05,0.0,0.0,1.0,0.0,0.2,1.0,10.0,0.2,1.0,10.0
174,4.501079107254906e-05,0.0,0.0,1.0,0.0,0.2,1.0,10.0,0.2,1.0,10.0
175,4.540161892759506e-05,0.0,0.0,1.0,0.0,0.2,1.0,10.0,0.2,1.0,10.0
176,4.579584033357941e-05,0.0,0.0,1.0,0.0,0.2,1.0,10.0,0.2,1.0,10.0
177,4.619348475664119e-05,0.0,0.0,1.0,0.0,0.2,1.0,10.0,0.2,1.0,10.0
178,4.6594581918773694e-05,0.0,0.0,1.0,0.0,0.2,1.0,10.0,0.2,1.0,10.0
179,4.6999161800045355e-05,0.0,0.0,1.0,0.0,0.2,1.0,10.0,0.2,1.0,10.0
180,4.740725464084136e-05,0.0,0.0,1.0,0.0,0.2,1.0,10.0,0.2,1.0,10.0
181,4.78188909441233e-05,0.0,0.0,1.0,0.0,0.2,1.0,10.0,0.2,1.0,10.0
182,4.8234101477709414e-05,0.0,0.0,1.0,0.0,0.2,1.0,10.0,0.2,1.0,10.0
183,4.8652917276574624e-05,0.0,0.0,1.0,0.0,0.2,1.0,10.0,0.2,1.0,10.0
184,4.9075369645169556e-05,0.0,0.0,1.0,0.0,0.2,1.0,10.0,0.2,1.0,10.0
185,4.95014901597612e-05,0.0,0.0,1.0,0.0,0.2,1.0,10.0,0.2,1.0,10.0
186,4.9931310670792376e-05,0.0,0.0,1.0,0.0,0.2,1.0,10.0,0.2,1.0,10.0
187,5.0364863305262693e-05,0.0,0.0,1.0,0.0,0.2,1.0,10.0,0.2,1.0,10.0
188,5.0802180469130226e-05,0.0,0.0,1.0,0.0,0.2,1.0,10.0,0.2,1.0,10.0
189,5.124329484973294e-05,0.0,0.0,1.0,0.0,0.2,1.0,10.0,0.2,1.0,10.0
190,5.168823941823277e-05,0.0,0.0,1.0,0.0,0.2,1.0,10.0,0.2,1.0,10.0
191,5.213704743207931e-05,0.0,0.0,1.0,0.0,0.2,1.0,10.0,0.2,1.0,10.0
192,5.258975243749597e-05,0.0,0.0,1.0,0.0,0.2,1.0,10.0,0.2,1.0,10.0
193,5.3046388271987715e-05,0.0,0.0,1.0,0.0,0.2,1.0,10.0,0.2,1.0,10.0
194,5.3506989066869495e-05,0.0,0.0,1.0,0.0,0.2,1.0,10.0,0.2,1.0,10.0
195,5.397158924981825e-05,0.0,0.0,1.0,0.0,0.2,1.0,10.0,0.2,1.0,10.0
196,5.4440223547445495e-05,0.0,0.0,1.0,0.0,0.2,1.0,10.0,0.2,1.0,10.0
197,5.491292698789323e-05,0.0,0.0,1.0,0.0,0.2,1.0,10.0,0.2,1.0,10.0
198,5.538973490345251e-05,0.0,0.0,1.0,0.0,0.2,1.0,10.0,0.2,1.0,10.0
199,5.587068293320355e-05,0.0,0.0,1.0,0.0,0.2,1.0,10.0,0.2,1.0,10.0
200,5.635580702568049e-05,0.0,0.0,1.0,0.0,0.2,1.0,10.0,0.2,1.0,10.0
201,5.684514344155757e-05,0.0,0.0,1.0,0.0,0.2,1.0,10.0,0.2,1.0,10.0
202,5.7338728756359795e-05,0.0,0.0,1.0,0.0,0.2,1.0,10.0,0.2,1.0,10.0
203,5.7836599863197106e-05,0.0,0.0,1.0,0.0,0.2,1.0,10.0,0.2,1.0,10.0
204,5.8338793975521156e-05,0.0,0.0,1.0,0.0,0.2,1.0,10.0,0.2,1.0,10.0
205,5.884534862990779e-05,0.0,0.0,1.0,0.0,0.2,1.0,10.0,0.2,1.0,10.0
206,5.935630168886173e-05,0.0,0.0,1.0,0.0,0.2,1.0,10.0,0.2,1.0,10.0
207,5.9871691343647636e-05,0.0,0.0,1.0,0.0,0.2,1.0,10.0,0.2,1.0,10.0
208,6.039155611714381e-05,0.0,0.0,1.0,0.0,0.2,1.0,10.0,0.2,1.0,10.0
209,6.0915934866721995e-05,0.0,0.0,1.0,0.0,0.2,1.0,10.0,0.2,1.0,10.0
210,6.144486678715213e-05,0.0,0.0,1.0,0.0,0.2,1.0,10.0,0.2,1.0,10.0
211,6.197839141353113e-05,0.0,0.0,1.0,0.0,0.2,1.0,10.0,0.2,1.0,10.0
212,6.251654862423888e-05,0.0,0.0,1.0,0.0,0.2,1.0,10.0,0.2,1.0,10.0
213,6.3059378643918e-05,0.0,0.0,1.0,0.0,0.2,1.0,10.0,0.2,1.0,10.0
214,6.360692204648146e-05,0.0,0.0,1.0,0.0,0.2,1.0,10.0,0.2,1.0,10.0
215,6.415921975814435e-05,0.0,0.0,1.0,0.0,0.2,1.0,10.0,0.2,1.0,10.0
216,6.47163130604833e-05,0.0,0.0,1.0,0.0,0.2,1.0,10.0,0.2,1.0,10.0
217,6.527824359352252e-05,0.0,0.0,1.0,0.0,0.2,1.0,10.0,0.2,1.0,10.0
218,6.584505335884523e-05,0.0,0.0,1.0,0.0,0.2,1.0,10.0,0.2,1.0,10.0
219,6.641678472273414e-05,0.0,0.0,1.0,0.0,0.2,1.0,10.0,0.2,1.0,10.0
220,6.69934804193372e-05,0.0,0.0,1.0,0.0,0.2,1.0,10.0,0.2,1.0,10.0
221,6.757518355386216e-05,0.0,0.0,1.0,0.0,0.2,1.0,10.0,0.2,1.0,10.0
222,6.816193760579891e-05,0.0,0.0,1.0,0.0,0.2,1.0,10.0,0.2,1.0,10.0
223,6.875378643216834e-05,0.0,0.0,1.0,0.0,0.2,1.0,10.0,0.2,1.0,10.0
224,6.935077427080163e-05,0.0,0.0,1.0,0.0,0.2,1.0,10.0,0.2,1.0,10.0
225,6.995294574364577e-05,0.0,0.0,1.0,0.0,0.2,1.0,10.0,0.2,1.0,10.0
226,7.056034586009931e-05,0.0,0.0,1.0,0.0,0.2,1.0,10.0,0.2,1.0,10.0
227,7.117302002037698e-05,0.0,0.0,1.0,0.0,0.2,1.0,10.0,0.2,1.0,10.0
228,7.17910140189021e-05,0.0,0.0,1.0,0.0,0.2,1.0,10.0,0.2,1.0,10.0
229,7.241437404773077e-05,0.0,0.0,1.0,0.0,0.2,1.0,10.0,0.2,1.0,10.0
230,7.304314670000335e-05,0.0,0.0,1.0,0.0,0.2,1.0,10.0,0.2,1.0,10.0
231,7.36773789734276e-05,0.0,0.0,1.0,0.0,0.2,1.0,10.0,0.2,1.0,10.0
232,7.43171182737919e-05,0.0,0.0,1.0,0.0,0.2,1.0,10.0,0.2,1.0,10.0
233,7.496241241850765e-05,0.0,0.0,1.0,0.0,0.2,1.0,10.0,0.2,1.0,10.0
234,7.56133096401845e-05,0.0,0.0,1.0,0.0,0.2,1.0,10.0,0.2,1.0,10.0
235,7.626985859023451e-05,0.0,0.0,1.0,0.0,0.2,1.0,10.0,0.2,1.0,10.0
236,7.693210834250905e-05,0.0,0.0,1.0,0.0,0.2,1.0,10.0,0.2,1.0,10.0
237,7.760010839696725e-05,0.0,0.0,1.0,0.0,0.2,1.0,10.0,0.2,1.0,10.0
238,7.827390868337488e-05,0.0,0.0,1.0,0.0,0.2,1.0,10.0,0.2,1.0,10.0
239,7.895355956503751e-05,0.0,0.0,1.0,0.0,0.2,1.0,10.0,0.2,1.0,10.0
240,7.963911184256391e-05,0.0,0.0,1.0,0.0,0.2,1.0,10.0,0.2,1.0,10.0
241,8.033061675766355e-05,0.0,0.0,1.0,0.0,0.2,1.0,10.0,0.2,1.0,10.0
242,8.102812599697723e-05,0.0,0.0,1.0,0.0,0.2,1.0,10.0,0.2,1.0,10.0
243,8.173169169593918e-05,0.0,0.0,1.0,0.0,0.2,1.0,10.0,0.2,1.0,10.0
244,8.244136644267535e-05,0.0,0.0,1.0,0.0,0.2,1.0,10.0,0.2,1.0,10.0
245,8.315720328193266e-05,0.0,0.0,1.0,0.0,0.2,1.0,10.0,0.2,1.0,10.0
246,8.387925571904532e-05,0.0,0.0,1.0,0.0,0.2,1.0,10.0,0.2,1.0,10.0
247,8.460757772393278e-05,0.0,0.0,1.0,0.0,0.2,1.0,10.0,0.2,1.0,10.0
248,8.534222373513435e-05,0.0,0.0,1.0,0.0,0.2,1.0,10.0,0.2,1.0,10.0
249,8.608324866387861e-05,0.0,0.0,1.0,0.0,0.2,1.0,10.0,0.2,1.0,10.0
250,8.683070789818668e-05,0.0,0.0,1.0,0.0,0.2,1.0,10.0,0.2,1.0,10.0
251,8.758465730701347e-05,0.0,0.0,1.0,0.0,0.2,1.0,10.0,0.2,1.0,10.0
252,8.834515324442231e-05,0.0,0.0,1.0,0.0,0.2,1.0,10.0,0.2,1.0,10.0
253,8.91122525537985e-05,0.0,0.0,1.0,0.0,0.2,1.0,10.0,0.2,1.0,10.0
254,8.988601257209686e-05,0.0,0.0,1.0,0.0,0.2,1.0,10.0,0.2,1.0,10.0
255,9.06664911341279e-05,0.0,0.0,1.0,0.0,0.2,1.0,10.0,0.2,1.0,10.0
256,9.145374657688127e-05,0.0,0.0,1.0,0.0,0.2,1.0,10.0,0.2,1.0,10.0
257,9.224783774388486e-05,0.0,0.0,1.0,0.0,0.2,1.0,10.0,0.2,1.0,10.0
258,9.304882398960454e-05,0.0,0.0,1.0,0.0,0.2,1.0,10.0,0.2,1.0,10.0
259,9.385676518387938e-05,0.0,0.0,1.0,0.0,0.2,1.0,10.0,0.2,1.0,10.0
260,9.46717217163971e-05,0.0,0.0,1.0,0.0,0.2,1.0,10.0,0.2,1.0,10.0
261,9.54937545012085e-05,0.0,0.0,1.0,0.0,0.2,1.0,10.0,0.2,1.0,10.0
262,9.632292498127922e-05,0.0,0.0,1.0,0.0,0.2,1.0,10.0,0.2,1.0,10.0
263,9.715929513308378e-05,0.0,0.0,1.0,0.0,0.2,1.0,10.0,0.2,1.0,10.0
264,9.800292747123665e-05,0.0,0.0,1.0,0.0,0.2,1.0,10.0,0.2,1.0,10.0
265,9.885388505316556e-05,0.0,0.0,1.0,0.0,0.2,1.0,10.0,0.2,1.0,10.0
266,9.971223148382528e-05,0.0,0.0,1.0,0.0,0.2,1.0,10.0,0.2,1.0,10.0
267,0.00010057803092045043,0.0,0.0,1.0,0.0,0.2,1.0,10.0,0.2,1.0,10.0
268,0.00010145134807735248,0.0,0.0,1.0,0.0,0.2,1.0,10.0,0.2,1.0,10.0
269,0.00010233224823075534,0.0,0.0,1.0,0.0,0.2,1.0,10.0,0.2,1.0,10.0
270,0.00010322079722367559,0.0,0.0,1.0,0.0,0.2,1.0,10.0,0.2,1.0,10.0
271,0.00010411706147084344,0.0,0.0,1.0,0.0,0.2,1.0,10.0,0.2,1.0,10.0
272,0.0001050211079636666,0.0,0.0,1.0,0.0,0.2,1.0,10.0,0.2,1.0,10.0
273,0.00010593300427523857,0.0,0.0,1.0,0.0,0.2,1.0,10.0,0.2,1.0,10.0
274,0.00010685281856538812,0.0,0.0,1.0,0.0,0.2,1.0,10.0,0.2,1.0,10.0
275,0.00010778061958577487,0.0,0.0,1.0,0.0,0.2,1.0,10.0,0.2,1.0,10.0
276,0.00010871647668502786,0.0,0.0,1.0,0.0,0.2,1.0,10.0,0.2,1.0,10.0
277,0.00010966045981392851,0.0,0.0,1.0,0.0,0.2,1.0,10.0,0.2,1.0,10.0
278,0.00011061263953064038,0.0,0.0,1.0,0.0,0.2,1.0,10.0,0.2,1.0,10.0
279,0.0001115730870059814,0.0,0.0,1.0,0.0,0.2,1.0,10.0,0.2,1.0,10.0
280,0.00011254187402874488,0.0,0.0,1.0,0.0,0.2,1.0,10.0,0.2,1.0,10.0
281,0.00011351907301106475,0.0,0.0,1.0,0.0,0.2,1.0,10.0,0.2,1.0,10.0
282,0.00011450475699382812,0.0,0.0,1.0,0.0,0.2,1.0,10.0,0.2,1.0,10.0
283,0.0001154989996521349,0.0,0.0,1.0,0.0,0.2,1.0,10.0,0.2,1.0,10.0
284,0.00011650187530080413,0.0,0.0,1.0,0.0,0.2,1.0,10.0,0.2,1.0,10.0
285,0.00011751345889992941,0.0,0.0,1.0,0.0,0.2,1.0,10.0,0.2,1.0,10.0
286,0.0001185338260604813,0.0,0.0,1.0,0.0,0.2,1.0,10.0,0.2,1.0,10.0
287,0.00011956305304995899,0.0,0.0,1.0,0.0,0.2,1.0,10.0,0.2,1.0,10.0
288,0.00012060121679809107,0.0,0.0,1.0,0.0,0.2,1.0,10.0,0.2,1.0,10.0
289,0.00012164839490258501,0.0,0.0,1.0,0.0,0.2,1.0,10.0,0.2,1.0,10.0
290,0.00012270466563492864,0.0,0.0,1.0,0.0,0.2,1.0,10.0,0.2,1.0,10.0
291,0.0001237701079462387,0.0,0.0,1.0,0.0,0.2,1.0,10.0,0.2,1.0,10.0
292,0.00012484480147316354,0.0,0.0,1.0,0.0,0.2,1.0,10.0,0.2,1.0,10.0
293,0.00012592882654383506,0.0,0.0,1.0,0.0,0.2,1.0,10.0,0.2,1.0,10.0
294,0.00012702226418387228,0.0,0.0,1.0,0.0,0.2,1.0,10.0,0.2,1.0,10.0
295,0.00012812519612243905,0.0,0.0,1.0,0.0,0.2,1.0,10.0,0.2,1.0,10.0
296,0.0001292377047983511,0.0,0.0,1.0,0.0,0.2,1.0,10.0,0.2,1.0,10.0
297,0.0001303598733662394,0.0,0.0,1.0,0.0,0.2,1.0,10.0,0.2,1.0,10.0
298,0.00013149178570276505,0.0,0.0,1.0,0.0,0.2,1.0,10.0,0.2,1.0,10.0
299,0.00013263352641288803,0.0,0.0,1.0,0.0,0.2,1.0,10.0,0.2,1.0,10.0
300,0.00013378518083619254,0.0,0.0,1.0,0.0,0.2,1.0,10.0,0.2,1.0,10.0
301,0.00013494683505326391,0.0,0.0,1.0,0.0,0.2,1.0,10.0,0.2,1.0,10.0
302,0.00013611857589212407,0.0,0.0,1.0,0.0,0.2,1.0,10.0,0.2,1.0,10.0
303,0.0001373004909347209,0.0,0.0,1.0,0.0,0.2,1.0,10.0,0.2,1.0,10.0
304,0.00013849266852347477,0.0,0.0,1.0,0.0,0.2,1.0,10.0,0.2,1.0,10.0
305,0.00013969519776788162,0.0,0.0,1.0,0.0,0.2,1.0,10.0,0.2,1.0,10.0
306,0.00014090816855117302,0.0,0.0,1.0,0.0,0.2,1.0,10.0,0.2,1.0,10.0
307,0.00014213167153703595,0.0,0.0,1.0,0.0,0.2,1.0,10.0,0.2,1.0,10.0
308,0.00014336579817638743,0.0,0.0,1.0,0.0,0.2,1.0,10.0,0.2,1.0,10.0
309,0.0001446106407142117,0.0,0.0,1.0,0.0,0.2,1.0,10.0,0.2,1.0,10.0
310,0.00014586629219645443,0.0,0.0,1.0,0.0,0.2,1.0,10.0,0.2,1.0,10.0
311,0.00014713284647697693,0.0,0.0,1.0,0.0,0.2,1.0,10.0,0.2,1.0,10.0
312,0.00014841039822457286,0.0,0.0,1.0,0.0,0.2,1.0,10.0,0.2,1.0,10.0
313,0.0001496990429300422,0.0,0.0,1.0,0.0,0.2,1.0,10.0,0.2,1.0,10.0
314,0.00015099887691333031,0.0,0.0,1.0,0.0,0.2,1.0,10.0,0.2,1.0,10.0
315,0.00015230999733072695,0.0,0.0,1.0,0.0,0.2,1.0,10.0,0.2,1.0,10.0
316,0.00015363250218212738,0.0,0.0,1.0,0.0,0.2,1.0,10.0,0.2,1.0,10.0
317,0.00015496649031835924,0.0,0.0,1.0,0.0,0.2,1.0,10.0,0.2,1.0,10.0
318,0.000156312061448569,0.0,0.0,1.0,0.0,0.2,1.0,10.0,0.2,1.0,10.0
319,0.00015766931614767635,0.0,0.0,1.0,0.0,0.2,1.0,10.0,0.2,1.0,10.0
320,0.000159038355863891,0.0,0.0,1.0,0.0,0.2,1.0,10.0,0.2,1.0,10.0
321,0.00016041928292629556,0.0,0.0,1.0,0.0,0.2,1.0,10.0,0.2,1.0,10.0
322,0.00016181220055249432,0.0,0.0,1.0,0.0,0.2,1.0,10.0,0.2,1.0,10.0
323,0.00016321721285632738,0.0,0.0,1.0,0.0,0.2,1.0,10.0,0.2,1.0,10.0
324,0.00016463442485565457,0.0,0.0,1.0,0.0,0.2,1.0,10.0,0.2,1.0,10.0
325,0.00016606394248020264,0.0,0.0,1.0,0.0,0.2,1.0,10.0,0.2,1.0,10.0
326,0.0001675058725794849,0.0,0.0,1.0,0.0,0.2,1.0,10.0,0.2,1.0,10.0
327,0.0001689603229307869,0.0,0.0,1.0,0.0,0.2,1.0,10.0,0.2,1.0,10.0
328,0.00017042740224722168,0.0,0.0,1.0,0.0,0.2,1.0,10.0,0.2,1.0,10.0
329,0.00017190722018585745,0.0,0.0,1.0,0.0,0.2,1.0,10.0,0.2,1.0,10.0
330,0.00017339988735591143,0.0,0.0,1.0,0.0,0.2,1.0,10.0,0.2,1.0,10.0
331,0.0001749055153270193,0.0,0.0,1.0,0.0,0.2,1.0,10.0,0.2,1.0,10.0
332,0.0001764242166375738,0.0,0.0,1.0,0.0,0.2,1.0,10.0,0.2,1.0,10.0
333,0.00017795610480313574,0.0,0.0,1.0,0.0,0.2,1.0,10.0,0.2,1.0,10.0
334,0.00017950129432492062,0.0,0.0,1.0,0.0,0.2,1.0,10.0,0.2,1.0,10.0
335,0.00018105990069835465,0.0,0.0,1.0,0.0,0.2,1.0,10.0,0.2,1.0,10.0
336,0.00018263204042170934,0.0,0.0,1.0,0.0,0.2,1.0,10.0,0.2,1.0,10.0
337,0.00018421783100480832,0.0,0.0,1.0,0.0,0.2,1.0,10.0,0.2,1.0,10.0
338,0.00018581739097781082,0.0,0.0,1.0,0.0,0.2,1.0,10.0,0.2,1.0,10.0
339,0.00018743083990007146,0.0,0.0,1.0,0.0,0.2,1.0,10.0,0.2,1.0,10.0
340,0.00018905829836907587,0.0,0.0,1.0,0.0,0.2,1.0,10.0,0.2,1.0,10.0
341,0.00019069988802945597,0.0,0.0,1.0,0.0,0.2,1.0,10.0,0.2,1.0,10.0
342,0.00019235573158208155,0.0,0.0,1.0,0.0,0.2,1.0,10.0,0.2,1.0,10.0
343,0.00019402595279323172,0.0,0.0,1.0,0.0,0.2,1.0,10.0,0.2,1.0,10.0
344,0.00019571067650384617,0.0,0.0,1.0,0.0,0.2,1.0,10.0,0.2,1.0,10.0
345,0.00019741002863885525,0.0,0.0,1.0,0.0,0.2,1.0,10.0,0.2,1.0,10.0
346,0.0001991241362165945,0.0,0.0,1.0,0.0,0.2,1.0,10.0,0.2,1.0,10.0
347,0.00020085312735829592,0.0,0.0,1.0,0.0,0.2,1.0,10.0,0.2,1.0,10.0
348,0.00020259713129766659,0.0,0.0,1.0,0.0,0.2,1.0,10.0,0.2,1.0,10.0
349,0.00020435627839054742,0.0,0.0,1.0,0.0,0.2,1.0,10.0,0.2,1.0,10.0
350,0.00020613070012465582,0.0,0.0,1.0,0.0,0.2,1.0,10.0,0.2,1.0,10.0
351,0.00020792052912941607,0.0,0.0,1.0,0.0,0.2,1.0,10.0,0.2,1.0,10.0
352,0.00020972589918586969,0.0,0.0,1.0,0.0,0.2,1.0,10.0,0.2,1.0,10.0
353,0.00021154694523667746,0.0,0.0,1.0,0.0,0.2,1.0,10.0,0.2,1.0,10.0
354,0.00021338380339620467,0.0,0.0,1.0,0.0,0.2,1.0,10.0,0.2,1.0,10.0
355,0.0002152366109606942,0.0,0.0,1.0,0.0,0.2,1.0,10.0,0.2,1.0,10.0
356,0.00021710550641853126,0.0,0.0,1.0,0.0,0.2,1.0,10.0,0.2,1.0,10.0
357,0.0002189906294605915,0.0,0.0,1.0,0.0,0.2,1.0,10.0,0.2,1.0,10.0
358,0.00022089212099068474,0.0,0.0,1.0,0.0,0.2,1.0,10.0,0.2,1.0,10.0
359,0.00022281012313608565,0.0,0.0,1.0,0.0,0.2,1.0,10.0,0.2,1.0,10.0
360,0.0002247447792581575,0.0,0.0,1.0,0.0,0.2,1.0,10.0,0.2,1.0,10.0
361,0.00022669623396306764,0.0,0.0,1.0,0.0,0.2,1.0,10.0,0.2,1.0,10.0
362,0.00022866463311259529,0.0,0.0,1.0,0.0,0.2,1.0,10.0,0.2,1.0,10.0
363,0.00023065012383503632,0.0,0.0,1.0,0.0,0.2,1.0,10.0,0.2,1.0,10.0
364,0.0002326528545361972,0.0,0.0,1.0,0.0,0.2,1.0,10.0,0.2,1.0,10.0
365,0.0002346729749104902,0.0,0.0,1.0,0.0,0.2,1.0,10.0,0.2,1.0,10.0
366,0.00023671063595212134,0.0,0.0,1.0,0.0,0.2,1.0,10.0,0.2,1.0,10.0
367,0.00023876598996637558,0.0,0.0,1.0,0.0,0.2,1.0,10.0,0.2,1.0,10.0
368,0.00024083919058100344,0.0,0.0,1.0,0.0,0.2,1.0,10.0,0.2,1.0,10.0
369,0.00024293039275770066,0.0,0.0,1.0,0.0,0.2,1.0,10.0,0.2,1.0,10.0
370,0.00024503975280369347,0.0,0.0,1.0,0.0,0.2,1.0,10.0,0.2,1.0,10.0
371,0.0002471674283834208,0.0,0.0,1.0,0.0,0.2,1.0,10.0,0.2,1.0,10.0
372,0.0002493135785303179,0.0,0.0,1.0,0.0,0.2,1.0,10.0,0.2,1.0,10.0
373,0.00025147836365870625,0.0,0.0,1.0,0.0,0.2,1.0,10.0,0.2,1.0,10.0
374,0.0002536619455757799,0.0,0.0,1.0,0.0,0.2,1.0,10.0,0.2,1.0,10.0
375,0.000255864487493703,0.0,0.0,1.0,0.0,0.2,1.0,10.0,0.2,1.0,10.0
376,0.0002580861540418074,0.0,0.0,1.0,0.0,0.2,1.0,10.0,0.2,1.0,10.0
377,0.00026032711127889845,0.0,0.0,1.0,0.0,0.2,1.0,10.0,0.2,1.0,10.0
378,0.0002625875267056672,0.0,0.0,1.0,0.0,0.2,1.0,10.0,0.2,1.0,10.0
379,0.00026486756927720904,0.0,0.0,1.0,0.0,0.2,1.0,10.0,0.2,1.0,10.0
380,0.00026716740941565514,0.0,0.0,1.0,0.0,0.2,1.0,10.0,0.2,1.0,10.0
381,0.000269487219022907,0.0,0.0,1.0,0.0,0.2,1.0,10.0,0.2,1.0,10.0
382,0.0002718271714934882,0.0,0.0,1.0,0.0,0.2,1.0,10.0,0.2,1.0,10.0
383,0.0002741874417275036,0.0,0.0,1.0,0.0,0.2,1.0,10.0,0.2,1.0,10.0
384,0.00027656820614371135,0.0,0.0,1.0,0.0,0.2,1.0,10.0,0.2,1.0,10.0
385,0.00027896964269271237,0.0,0.0,1.0,0.0,0.2,1.0,10.0,0.2,1.0,10.0
386,0.0002813919308702473,0.0,0.0,1.0,0.0,0.2,1.0,10.0,0.2,1.0,10.0
387,0.0002838352517306161,0.0,0.0,1.0,0.0,0.2,1.0,10.0,0.2,1.0,10.0
388,0.00028629978790020976,0.0,0.0,1.0,0.0,0.2,1.0,10.0,0.2,1.0,10.0
389,0.00028878572359115965,0.0,0.0,1.0,0.0,0.2,1.0,10.0,0.2,1.0,10.0
390,0.0002912932446151097,0.0,0.0,1.0,0.0,0.2,1.0,10.0,0.2,1.0,10.0
391,0.0002938225383971009,0.0,0.0,1.0,0.0,0.2,1.0,10.0,0.2,1.0,10.0
392,0.00029637379398958334,0.0,0.0,1.0,0.0,0.2,1.0,10.0,0.2,1.0,10.0
393,0.0002989472020865457,0.0,0.0,1.0,0.0,0.2,1.0,10.0,0.2,1.0,10.0
394,0.0003015429550377693,0.0,0.0,1.0,0.0,0.2,1.0,10.0,0.2,1.0,10.0
395,0.0003041612468632049,0.0,0.0,1.0,0.0,0.2,1.0,10.0,0.2,1.0,10.0
396,0.00030680227326747425,0.0,0.0,1.0,0.0,0.2,1.0,10.0,0.2,1.0,10.0
397,0.00030946623165449934,0.0,0.0,1.0,0.0,0.2,1.0,10.0,0.2,1.0,10.0
398,0.0003121533211422566,0.0,0.0,1.0,0.0,0.2,1.0,10.0,0.2,1.0,10.0
399,0.00031486374257766,0.0,0.0,1.0,0.0,0.2,1.0,10.0,0.2,1.0,10.0
400,0.0003175976985515739,0.0,0.0,1.0,0.0,0.2,1.0,10.0,0.2,1.0,10.0
401,0.0003203553934139539,0.0,0.0,1.0,0.0,0.2,1.0,10.0,0.2,1.0,10.0
402,0.00032313703328912496,0.0,0.0,1.0,0.0,0.2,1.0,10.0,0.2,1.0,10.0
403,0.00032594282609118316,0.0,0.0,1.0,0.0,0.2,1.0,10.0,0.2,1.0,10.0
404,0.0003287729815395402,0.0,0.0,1.0,0.0,0.2,1.0,10.0,0.2,1.0,10.0
405,0.0003316277111745975,0.0,0.0,1.0,0.0,0.2,1.0,10.0,0.2,1.0,10.0
406,0.00033450722837355645,0.0,0.0,1.0,0.0,0.2,1.0,10.0,0.2,1.0,10.0
407,0.0003374117483663711,0.0,0.0,1.0,0.0,0.2,1.0,10.0,0.2,1.0,10.0
408,0.0003403414882518307,0.0,0.0,1.0,0.0,0.2,1.0,10.0,0.2,1.0,10.0
409,0.00034329666701379065,0.0,0.0,1.0,0.0,0.2,1.0,10.0,0.2,1.0,10.0
410,0.000346277505537539,0.0,0.0,1.0,0.0,0.2,1.0,10.0,0.2,1.0,10.0
411,0.0003492842266263053,0.0,0.0,1.0,0.0,0.2,1.0,10.0,0.2,1.0,10.0
412,0.00035231705501791773,0.0,0.0,1.0,0.0,0.2,1.0,10.0,0.2,1.0,10.0
413,0.0003553762174015964,0.0,0.0,1.0,0.0,0.2,1.0,10.0,0.2,1.0,10.0
414,0.00035846194243490114,0.0,0.0,1.0,0.0,0.2,1.0,10.0,0.2,1.0,10.0
415,0.0003615744607608206,0.0,0.0,1.0,0.0,0.2,1.0,10.0,0.2,1.0,10.0
416,0.0003647140050250123,0.0,0.0,1.0,0.0,0.2,1.0,10.0,0.2,1.0,10.0
417,0.0003678808098931919,0.0,0.0,1.0,0.0,0.2,1.0,10.0,0.2,1.0,10.0
418,0.0003710751120686717,0.0,0.0,1.0,0.0,0.2,1.0,10.0,0.2,1.0,10.0
419,0.00037429715031005693,0.0,0.0,1.0,0.0,0.2,1.0,10.0,0.2,1.0,10.0
420,0.0003775471654490868,0.0,0.0,1.0,0.0,0.2,1.0,10.0,0.2,1.0,10.0
421,0.0003808254004086394,0.0,0.0,1.0,0.0,0.2,1.0,10.0,0.2,1.0,10.0
422,0.0003841321002208877,0.0,0.0,1.0,0.0,0.2,1.0,10.0,0.2,1.0,10.0
423,0.00038746751204561284,0.0,0.0,1.0,0.0,0.2,1.0,10.0,0.2,1.0,10.0
424,0.0003908318851886824,0.0,0.0,1.0,0.0,0.2,1.0,10.0,0.2,1.0,10.0
425,0.00039422547112067947,0.0,0.0,1.0,0.0,0.2,1.0,10.0,0.2,1.0,10.0
426,0.000397648523495703,0.0,0.0,1.0,0.0,0.2,1.0,10.0,0.2,1.0,10.0
427,0.00040110129817032584,0.0,0.0,1.0,0.0,0.2,1.0,10.0,0.2,1.0,10.0
428,0.00040458405322271697,0.0,0.0,1.0,0.0,0.2,1.0,10.0,0.2,1.0,10.0
429,0.00040809704897193605,0.0,0.0,1.0,0.0,0.2,1.0,10.0,0.2,1.0,10.0
430,0.00041164054799738554,0.0,0.0,1.0,0.0,0.2,1.0,10.0,0.2,1.0,10.0
431,0.00041521481515844147,0.0,0.0,1.0,0.0,0.2,1.0,10.0,0.2,1.0,10.0
432,0.0004188201176142485,0.0,0.0,1.0,0.0,0.2,1.0,10.0,0.2,1.0,10.0
433,0.0004224567248436891,0.0,0.0,1.0,0.0,0.2,1.0,10.0,0.2,1.0,10.0
434,0.0004261249086655264,0.0,0.0,1.0,0.0,0.2,1.0,10.0,0.2,1.0,10.0
435,0.0004298249432587187,0.0,0.0,1.0,0.0,0.2,1.0,10.0,0.2,1.0,10.0
436,0.0004335571051829184,0.0,0.0,1.0,0.0,0.2,1.0,10.0,0.2,1.0,10.0
437,0.0004373216733991371,0.0,0.0,1.0,0.0,0.2,1.0,10.0,0.2,1.0,10.0
438,0.0004411189292906011,0.0,0.0,1.0,0.0,0.2,1.0,10.0,0.2,1.0,10.0
439,0.0004449491566837824,0.0,0.0,1.0,0.0,0.2,1.0,10.0,0.2,1.0,10.0
440,0.00044881264186961083,0.0,0.0,1.0,0.0,0.2,1.0,10.0,0.2,1.0,10.0
441,0.00045270967362487824,0.0,0.0,1.0,0.0,0.2,1.0,10.0,0.2,1.0,10.0
442,0.00045664054323381684,0.0,0.0,1.0,0.0,0.2,1.0,10.0,0.2,1.0,10.0
443,0.00046060554450987615,0.0,0.0,1.0,0.0,0.2,1.0,10.0,0.2,1.0,10.0
444,0.0004646049738176823,0.0,0.0,1.0,0.0,0.2,1.0,10.0,0.2,1.0,10.0
445,0.0004686391300951881,0.0,0.0,1.0,0.0,0.2,1.0,10.0,0.2,1.0,10.0
446,0.00047270831487602246,0.0,0.0,1.0,0.0,0.2,1.0,10.0,0.2,1.0,10.0
447,0.00047681283231202146,0.0,0.0,1.0,0.0,0.2,1.0,10.0,0.2,1.0,10.0
448,0.00048095298919596807,0.0,0.0,1.0,0.0,0.2,1.0,10.0,0.2,1.0,10.0
449,0.0004851290949845206,0.0,0.0,1.0,0.0,0.2,1.0,10.0,0.2,1.0,10.0
450,0.000489341461821344,0.0,0.0,1.0,0.0,0.2,1.0,10.0,0.2,1.0,10.0
451,0.0004935904045604408,0.0,0.0,1.0,0.0,0.2,1.0,10.0,0.2,1.0,10.0
452,0.0004978762407896839,0.0,0.0,1.0,0.0,0.2,1.0,10.0,0.2,1.0,10.0
453,0.0005021992908545572,0.0,0.0,1.0,0.0,0.2,1.0,10.0,0.2,1.0,10.0
454,0.0005065598778820976,0.0,0.0,1.0,0.0,0.2,1.0,10.0,0.2,1.0,10.0
455,0.0005109583278050483,0.0,0.0,1.0,0.0,0.2,1.0,10.0,0.2,1.0,10.0
456,0.0005153949693862209,0.0,0.0,1.0,0.0,0.2,1.0,10.0,0.2,1.0,10.0
457,0.000519870134243066,0.0,0.0,1.0,0.0,0.2,1.0,10.0,0.2,1.0,10.0
458,0.0005243841568724663,0.0,0.0,1.0,0.0,0.2,1.0,10.0,0.2,1.0,10.0
459,0.0005289373746757308,0.0,0.0,1.0,0.0,0.2,1.0,10.0,0.2,1.0,10.0
460,0.00053353012798382,0.0,0.0,1.0,0.0,0.2,1.0,10.0,0.2,1.0,10.0
461,0.0005381627600827815,0.0,0.0,1.0,0.0,0.2,1.0,10.0,0.2,1.0,10.0
462,0.000542835617239407,0.0,0.0,1.0,0.0,0.2,1.0,10.0,0.2,1.0,10.0
463,0.0005475490487271207,0.0,0.0,1.0,0.0,0.2,1.0,10.0,0.2,1.0,10.0
464,0.0005523034068520769,0.0,0.0,1.0,0.0,0.2,1.0,10.0,0.2,1.0,10.0
465,0.0005570990469795,0.0,0.0,1.0,0.0,0.2,1.0,10.0,0.2,1.0,10.0
466,0.0005619363275602441,0.0,0.0,1.0,0.0,0.2,1.0,10.0,0.2,1.0,10.0
467,0.000566815610157583,0.0,0.0,1.0,0.0,0.2,1.0,10.0,0.2,1.0,10.0
468,0.0005717372594742418,0.0,0.0,1.0,0.0,0.2,1.0,10.0,0.2,1.0,10.0
469,0.0005767016433796482,0.0,0.0,1.0,0.0,0.2,1.0,10.0,0.2,1.0,10.0
470,0.0005817091329374358,0.0,0.0,1.0,0.0,0.2,1.0,10.0,0.2,1.0,10.0
471,0.0005867601024331761,0.0,0.0,1.0,0.0,0.2,1.0,10.0,0.2,1.0,10.0
472,0.000591854929402355,0.0,0.0,1.0,0.0,0.2,1.0,10.0,0.2,1.0,10.0
473,0.0005969939946585932,0.0,0.0,1.0,0.0,0.2,1.0,10.0,0.2,1.0,10.0
474,0.0006021776823221057,0.0,0.0,1.0,0.0,0.2,1.0,10.0,0.2,1.0,10.0
475,0.0006074063798484207,0.0,0.0,1.0,0.0,0.2,1.0,10.0,0.2,1.0,10.0
476,0.0006126804780573316,0.0,0.0,1.0,0.0,0.2,1.0,10.0,0.2,1.0,10.0
477,0.0006180003711621146,0.0,0.0,1.0,0.0,0.2,1.0,10.0,0.2,1.0,10.0
478,0.0006233664567989926,0.0,0.0,1.0,0.0,0.2,1.0,10.0,0.2,1.0,10.0
479,0.000628779136056854,0.0,0.0,1.0,0.0,0.2,1.0,10.0,0.2,1.0,10.0
480,0.000634238813507239,0.0,0.0,1.0,0.0,0.2,1.0,10.0,0.2,1.0,10.0
481,0.0006397458972345699,0.0,0.0,1.0,0.0,0.2,1.0,10.0,0.2,1.0,10.0
482,0.0006453007988666616,0.0,0.0,1.0,0.0,0.2,1.0,10.0,0.2,1.0,10.0
483,0.0006509039336054852,0.0,0.0,1.0,0.0,0.2,1.0,10.0,0.2,1.0,10.0
484,0.0006565557202582003,0.0,0.0,1.0,0.0,0.2,1.0,10.0,0.2,1.0,10.0
485,0.0006622565812684657,0.0,0.0,1.0,0.0,0.2,1.0,10.0,0.2,1.0,10.0
486,0.0006680069427480061,0.0,0.0,1.0,0.0,0.2,1.0,10.0,0.2,1.0,10.0
487,0.0006738072345084688,0.0,0.0,1.0,0.0,0.2,1.0,10.0,0.2,1.0,10.0
488,0.0006796578900935469,0.0,0.0,1.0,0.0,0.2,1.0,10.0,0.2,1.0,10.0
489,0.0006855593468113856,0.0,0.0,1.0,0.0,0.2,1.0,10.0,0.2,1.0,10.0
490,0.0006915120457672686,0.0,0.0,1.0,0.0,0.2,1.0,10.0,0.2,1.0,10.0
491,0.0006975164318965864,0.0,0.0,1.0,0.0,0.2,1.0,10.0,0.2,1.0,10.0
492,0.0007035729539980996,0.0,0.0,1.0,0.0,0.2,1.0,10.0,0.2,1.0,10.0
493,0.0007096820647674752,0.0,0.0,1.0,0.0,0.2,1.0,10.0,0.2,1.0,10.0
494,0.0007158442208311313,0.0,0.0,1.0,0.0,0.2,1.0,10.0,0.2,1.0,10.0
495,0.000722059882780364,0.0,0.0,1.0,0.0,0.2,1.0,10.0,0.2,1.0,10.0
496,0.0007283295152057728,0.0,0.0,1.0,0.0,0.2,1.0,10.0,0.2,1.0,10.0
497,0.0007346535867319934,0.0,0.0,1.0,0.0,0.2,1.0,10.0,0.2,1.0,10.0
498,0.0007410325700527153,0.0,0.0,1.0,0.0,0.2,1.0,10.0,0.2,1.0,10.0
499,0.0007474669419660214,0.0,0.0,1.0,0.0,0.2,1.0,10.0,0.2,1.0,10.0
500,0.0007539571834100235,0.0,0.0,1.0,0.0,0.2,1.0,10.0,0.2,1.0,10.0
501,0.0007605037794988069,0.0,0.0,1.0,0.0,0.2,1.0,10.0,0.2,1.0,10.0
502,0.0007671072195586989,0.0,0.0,1.0,0.0,0.2,1.0,10.0,0.2,1.0,10.0
503,0.0007737679971648326,0.0,0.0,1.0,0.0,0.2,1.0,10.0,0.2,1.0,10.0
504,0.0007804866101780478,0.0,0.0,1.0,0.0,0.2,1.0,10.0,0.2,1.0,10.0
505,0.0007872635607821,0.0,0.0,1.0,0.0,0.2,1.0,10.0,0.2,1.0,10.0
506,0.0007940993555211967,0.0,0.0,1.0,0.0,0.2,1.0,10.0,0.2,1.0,10.0
507,0.0008009945053378603,0.0,0.0,1.0,0.0,0.2,1.0,10.0,0.2,1.0,10.0
508,0.0008079495256111146,0.0,0.0,1.0,0.0,0.2,1.0,10.0,0.2,1.0,10.0
509,0.0008149649361950128,0.0,0.0,1.0,0.0,0.2,1.0,10.0,0.2,1.0,10.0
510,0.0008220412614574901,0.0,0.0,1.0,0.0,0.2,1.0,10.0,0.2,1.0,10.0
511,0.0008291790303195585,0.0,0.0,1.0,0.0,0.2,1.0,10.0,0.2,1.0,10.0
512,0.0008363787762948422,0.0,0.0,1.0,0.0,0.2,1.0,10.0,0.2,1.0,10.0
513,0.0008436410375294508,0.0,0.0,1.0,0.0,0.2,1.0,10.0,0.2,1.0,10.0
514,0.0008509663568422124,0.0,0.0,1.0,0.0,0.2,1.0,10.0,0.2,1.0,10.0
515,0.0008583552817652349,0.0,0.0,1.0,0.0,0.2,1.0,10.0,0.2,1.0,10.0
516,0.0008658083645848406,0.0,0.0,1.0,0.0,0.2,1.0,10.0,0.2,1.0,10.0
517,0.0008733261623828437,0.0,0.0,1.0,0.0,0.2,1.0,10.0,0.2,1.0,10.0
518,0.0008809092370781856,0.0,0.0,1.0,0.0,0.2,1.0,10.0,0.2,1.0,10.0
519,0.0008885581554689457,0.0,0.0,1.0,0.0,0.2,1.0,10.0,0.2,1.0,10.0
520,0.0008962734892746943,0.0,0.0,1.0,0.0,0.2,1.0,10.0,0.2,1.0,10.0
521,0.0009040558151792354,0.0,0.0,1.0,0.0,0.2,1.0,10.0,0.2,1.0,10.0
522,0.0009119057148737079,0.0,0.0,1.0,0.0,0.2,1.0,10.0,0.2,1.0,10.0
523,0.0009198237751000601,0.0,0.0,1.0,0.0,0.2,1.0,10.0,0.2,1.0,10.0
524,0.0009278105876949164,0.0,0.0,1.0,0.0,0.2,1.0,10.0,0.2,1.0,10.0
525,0.0009358667496338006,0.0,0.0,1.0,0.0,0.2,1.0,10.0,0.2,1.0,10.0
526,0.0009439928630757677,0.0,0.0,1.0,0.0,0.2,1.0,10.0,0.2,1.0,10.0
527,0.0009521895354084076,0.0,0.0,1.0,0.0,0.2,1.0,10.0,0.2,1.0,10.0
528,0.0009604573792932451,0.0,0.0,1.0,0.0,0.2,1.0,10.0,0.2,1.0,10.0
529,0.0009687970127115349,0.0,0.0,1.0,0.0,0.2,1.0,10.0,0.2,1.0,10.0
530,0.0009772090590104469,0.0,0.0,1.0,0.0,0.2,1.0,10.0,0.2,1.0,10.0
531,0.0009856941469496702,0.0,0.0,1.0,0.0,0.2,1.0,10.0,0.2,1.0,10.0
532,0.0009942529107483948,0.0,0.0,1.0,0.0,0.2,1.0,10.0,0.2,1.0,10.0
533,0.001002885990132729,0.0,0.0,1.0,0.0,0.2,1.0,10.0,0.2,1.0,10.0
534,0.0010115940303835093,0.0,0.0,1.0,0.0,0.2,1.0,10.0,0.2,1.0,10.0
535,0.0010203776823845348,0.0,0.0,1.0,0.0,0.2,1.0,10.0,0.2,1.0,10.0
536,0.001029237602671213,0.0,0.0,1.0,0.0,0.2,1.0,10.0,0.2,1.0,10.0
537,0.0010381744534796397,0.0,0.0,1.0,0.0,0.2,1.0,10.0,0.2,1.0,10.0
538,0.001047188902796093,0.0,0.0,1.0,0.0,0.2,1.0,10.0,0.2,1.0,10.0
539,0.0010562816244069633,0.0,0.0,1.0,0.0,0.2,1.0,10.0,0.2,1.0,10.0
540,0.0010654532979491164,0.0,0.0,1.0,0.0,0.2,1.0,10.0,0.2,1.0,10.0
541,0.0010747046089606897,0.0,0.0,1.0,0.0,0.2,1.0,10.0,0.2,1.0,10.0
542,0.001084036248932338,0.0,0.0,1.0,0.0,0.2,1.0,10.0,0.2,1.0,10.0
543,0.001093448915358916,0.0,0.0,1.0,0.0,0.2,1.0,10.0,0.2,1.0,10.0
544,0.0011029433117916126,0.0,0.0,1.0,0.0,0.2,1.0,10.0,0.2,1.0,10.0
545,0.0011125201478905384,0.0,0.0,1.0,0.0,0.2,1.0,10.0,0.2,1.0,10.0
546,0.0011221801394777715,0.0,0.0,1.0,0.0,0.2,1.0,10.0,0.2,1.0,10.0
547,0.001131924008590855,0.0,0.0,1.0,0.0,0.2,1.0,10.0,0.2,1.0,10.0
548,0.0011417524835367753,0.0,0.0,1.0,0.0,0.2,1.0,10.0,0.2,1.0,10.0
549,0.001151666298946392,0.0,0.0,1.0,0.0,0.2,1.0,10.0,0.2,1.0,10.0
550,0.0011616661958293517,0.0,0.0,1.0,0.0,0.2,1.0,10.0,0.2,1.0,10.0
551,0.0011717529216294738,0.0,0.0,1.0,0.0,0.2,1.0,10.0,0.2,1.0,10.0
552,0.0011819272302806194,0.0,0.0,1.0,0.0,0.2,1.0,10.0,0.2,1.0,10.0
553,0.0011921898822630393,0.0,0.0,1.0,0.0,0.2,1.0,10.0,0.2,1.0,10.0
554,0.0012025416446602242,0.0,0.0,1.0,0.0,0.2,1.0,10.0,0.2,1.0,10.0
555,0.0012129832912162349,0.0,0.0,1.0,0.0,0.2,1.0,10.0,0.2,1.0,10.0
556,0.0012235156023935373,0.0,0.0,1.0,0.0,0.2,1.0,10.0,0.2,1.0,10.0
557,0.0012341393654313395,0.0,0.0,1.0,0.0,0.2,1.0,10.0,0.2,1.0,10.0
558,0.0012448553744044296,0.0,0.0,1.0,0.0,0.2,1.0,10.0,0.2,1.0,10.0
559,0.0012556644302825352,0.0,0.0,1.0,0.0,0.2,1.0,10.0,0.2,1.0,10.0
560,0.0012665673409901883,0.0,0.0,1.0,0.0,0.2,1.0,10.0,0.2,1.0,10.0
561,0.0012775649214671141,0.0,0.0,1.0,0.0,0.2,1.0,10.0,0.2,1.0,10.0
562,0.0012886579937291449,0.0,0.0,1.0,0.0,0.2,1.0,10.0,0.2,1.0,10.0
563,0.0012998473869296615,0.0,0.0,1.0,0.0,0.2,1.0,10.0,0.2,1.0,10.0
564,0.0013111339374215643,0.0,0.0,1.0,0.0,0.2,1.0,10.0,0.2,1.0,10.0
565,0.0013225184888197945,0.0,0.0,1.0,0.0,0.2,1.0,10.0,0.2,1.0,10.0
566,0.0013340018920643844,0.0,0.0,1.0,0.0,0.2,1.0,10.0,0.2,1.0,10.0
567,0.0013455850054840625,0.0,0.0,1.0,0.0,0.2,1.0,10.0,0.2,1.0,10.0
568,0.0013572686948604116,0.0,0.0,1.0,0.0,0.2,1.0,10.0,0.2,1.0,10.0
569,0.0013690538334925747,0.0,0.0,1.0,0.0,0.2,1.0,10.0,0.2,1.0,10.0
570,0.00138094130226254,0.0,0.0,1.0,0.0,0.2,1.0,10.0,0.2,1.0,10.0
571,0.001392931989700975,0.0,0.0,1.0,0.0,0.2,1.0,10.0,0.2,1.0,10.0
572,0.0014050267920536436,0.0,0.0,1.0,0.0,0.2,1.0,10.0,0.2,1.0,10.0
573,0.0014172266133483937,0.0,0.0,1.0,0.0,0.2,1.0,10.0,0.2,1.0,10.0
574,0.0014295323654627322,0.0,0.0,1.0,0.0,0.2,1.0,10.0,0.2,1.0,10.0
575,0.0014419449681919766,0.0,0.0,1.0,0.0,0.2,1.0,10.0,0.2,1.0,10.0
576,0.0014544653493180147,0.0,0.0,1.0,0.0,0.2,1.0,10.0,0.2,1.0,10.0
577,0.0014670944446786452,0.0,0.0,1.0,0.0,0.2,1.0,10.0,0.2,1.0,10.0
578,0.0014798331982375287,0.0,0.0,1.0,0.0,0.2,1.0,10.0,0.2,1.0,10.0
579,0.001492682562154745,0.0,0.0,1.0,0.0,0.2,1.0,10.0,0.2,1.0,10.0
580,0.0015056434968579635,0.0,0.0,1.0,0.0,0.2,1.0,10.0,0.2,1.0,10.0
581,0.0015187169711142242,0.0,0.0,1.0,0.0,0.2,1.0,10.0,0.2,1.0,10.0
582,0.0015319039621023577,0.0,0.0,1.0,0.0,0.2,1.0,10.0,0.2,1.0,10.0
583,0.0015452054554860191,0.0,0.0,1.0,0.0,0.2,1.0,10.0,0.2,1.0,10.0
584,0.0015586224454873618,0.0,0.0,1.0,0.0,0.2,1.0,10.0,0.2,1.0,10.0
585,0.0015721559349613536,0.0,0.0,1.0,0.0,0.2,1.0,10.0,0.2,1.0,10.0
586,0.0015858069354707282,0.0,0.0,1.0,0.0,0.2,1.0,10.0,0.2,1.0,10.0
587,0.0015995764673616044,0.0,0.0,1.0,0.0,0.2,1.0,10.0,0.2,1.0,10.0
588,0.0016134655598397459,0.0,0.0,1.0,0.0,0.2,1.0,10.0,0.2,1.0,10.0
589,0.0016274752510474898,0.0,0.0,1.0,0.0,0.2,1.0,10.0,0.2,1.0,10.0
590,0.001641606588141345,0.0,0.0,1.0,0.0,0.2,1.0,10.0,0.2,1.0,10.0
591,0.0016558606273702615,0.0,0.0,1.0,0.0,0.2,1.0,10.0,0.2,1.0,10.0
592,0.0016702384341545742,0.0,0.0,1.0,0.0,0.2,1.0,10.0,0.2,1.0,10.0
593,0.001684741083165648,0.0,0.0,1.0,0.0,0.2,1.0,10.0,0.2,1.0,10.0
594,0.0016993696584061975,0.0,0.0,1.0,0.0,0.2,1.0,10.0,0.2,1.0,10.0
595,0.0017141252532913123,0.0,0.0,1.0,0.0,0.2,1.0,10.0,0.2,1.0,10.0
596,0.001729008970730187,0.0,0.0,1.0,0.0,0.2,1.0,10.0,0.2,1.0,10.0
597,0.0017440219232085499,0.0,0.0,1.0,0.0,0.2,1.0,10.0,0.2,1.0,10.0
598,0.0017591652328718282,0.0,0.0,1.0,0.0,0.2,1.0,10.0,0.2,1.0,10.0
599,0.0017744400316090144,0.0,0.0,1.0,0.0,0.2,1.0,10.0,0.2,1.0,10.0
600,0.0017898474611372723,0.0,0.0,1.0,0.0,0.2,1.0,10.0,0.2,1.0,10.0
601,0.001805388673087274,0.0,0.0,1.0,0.0,0.2,1.0,10.0,0.2,1.0,10.0
602,0.0018210648290892819,0.0,0.0,1.0,0.0,0.2,1.0,10.0,0.2,1.0,10.0
603,0.0018368771008599653,0.0,0.0,1.0,0.0,0.2,1.0,10.0,0.2,1.0,10.0
604,0.0018528266702899942,0.0,0.0,1.0,0.0,0.2,1.0,10.0,0.2,1.0,10.0
605,0.0018689147295323704,0.0,0.0,1.0,0.0,0.2,1.0,10.0,0.2,1.0,10.0
606,0.0018851424810915382,0.0,0.0,1.0,0.0,0.2,1.0,10.0,0.2,1.0,10.0
607,0.0019015111379132655,0.0,0.0,1.0,0.0,0.2,1.0,10.0,0.2,1.0,10.0
608,0.0019180219234753075,0.0,0.0,1.0,0.0,0.2,1.0,10.0,0.2,1.0,10.0
609,0.001934676071878848,0.0,0.0,1.0,0.0,0.2,1.0,10.0,0.2,1.0,10.0
610,0.0019514748279407536,0.0,0.0,1.0,0.0,0.2,1.0,10.0,0.2,1.0,10.0
611,0.0019684194472866113,0.0,0.0,1.0,0.0,0.2,1.0,10.0,0.2,1.0,10.0
612,0.001985511196444581,0.0,0.0,1.0,0.0,0.2,1.0,10.0,0.2,1.0,10.0
613,0.0020027513529400644,0.0,0.0,1.0,0.0,0.2,1.0,10.0,0.2,1.0,10.0
614,0.0020201412053911876,0.0,0.0,1.0,0.0,0.2,1.0,10.0,0.2,1.0,10.0
615,0.002037682053605129,0.0,0.0,1.0,0.0,0.2,1.0,10.0,0.2,1.0,10.0
616,0.0020553752086752653,0.0,0.0,1.0,0.0,0.2,1.0,10.0,0.2,1.0,10.0
617,0.002073221993079175,0.0,0.0,1.0,0.0,0.2,1.0,10.0,0.2,1.0,10.0
618,0.002091223740777482,0.0,0.0,1.0,0.0,0.2,1.0,10.0,0.2,1.0,10.0
619,0.0021093817973135694,0.0,0.0,1.0,0.0,0.2,1.0,10.0,0.2,1.0,10.0
620,0.00212769751991414,0.0,0.0,1.0,0.0,0.2,1.0,10.0,0.2,1.0,10.0
621,0.0021461722775906788,0.0,0.0,1.0,0.0,0.2,1.0,10.0,0.2,1.0,10.0
622,0.0021648074512417683,0.0,0.0,1.0,0.0,0.2,1.0,10.0,0.2,1.0,10.0
623,0.0021836044337563087,0.0,0.0,1.0,0.0,0.2,1.0,10.0,0.2,1.0,10.0
624,0.0022025646301176297,0.0,0.0,1.0,0.0,0.2,1.0,10.0,0.2,1.0,10.0
625,0.0022216894575084987,0.0,0.0,1.0,0.0,0.2,1.0,10.0,0.2,1.0,10.0
626,0.0022409803454170613,0.0,0.0,1.0,0.0,0.2,1.0,10.0,0.2,1.0,10.0
627,0.002260438735743679,0.0,0.0,1.0,0.0,0.2,1.0,10.0,0.2,1.0,10.0
628,0.002280066082908708,0.0,0.0,1.0,0.0,0.2,1.0,10.0,0.2,1.0,10.0
629,0.0022998638539612087,0.0,0.0,1.0,0.0,0.2,1.0,10.0,0.2,1.0,10.0
630,0.0023198335286886028,0.0,0.0,1.0,0.0,0.2,1.0,10.0,0.2,1.0,10.0
631,0.0023399765997272723,0.0,0.0,1.0,0.0,0.2,1.0,10.0,0.2,1.0,10.0
632,0.0023602945726741396,0.0,0.0,1.0,0.0,0.2,1.0,10.0,0.2,1.0,10.0
633,0.0023807889661991944,0.0,0.0,1.0,0.0,0.2,1.0,10.0,0.2,1.0,10.0
634,0.0024014613121590106,0.0,0.0,1.0,0.0,0.2,1.0,10.0,0.2,1.0,10.0
635,0.002422313155711242,0.0,0.0,1.0,0.0,0.2,1.0,10.0,0.2,1.0,10.0
636,0.002443346055430121,0.0,0.0,1.0,0.0,0.2,1.0,10.0,0.2,1.0,10.0
637,0.0024645615834229437,0.0,0.0,1.0,0.0,0.2,1.0,10.0,0.2,1.0,10.0
638,0.0024859613254475913,0.0,0.0,1.0,0.0,0.2,1.0,10.0,0.2,1.0,10.0
639,0.0025075468810310487,0.0,0.0,1.0,0.0,0.2,1.0,10.0,0.2,1.0,10.0
640,0.0025293198635889633,0.0,0.0,1.0,0.0,0.2,1.0,10.0,0.2,1.0,10.0
641,0.0025512819005462433,0.0,0.0,1.0,0.0,0.2,1.0,10.0,0.2,1.0,10.0
642,0.002573434633458689,0.0,0.0,1.0,0.0,0.2,1.0,10.0,0.2,1.0,10.0
643,0.0025957797181357066,0.0,0.0,1.0,0.0,0.2,1.0,10.0,0.2,1.0,10.0
644,0.0026183188247640614,0.0,0.0,1.0,0.0,0.2,1.0,10.0,0.2,1.0,10.0
645,0.0026410536380327195,0.0,0.0,1.0,0.0,0.2,1.0,10.0,0.2,1.0,10.0
646,0.0026639858572587703,0.0,0.0,1.0,0.0,0.2,1.0,10.0,0.2,1.0,10.0
647,0.0026871171965144433,0.0,0.0,1.0,0.0,0.2,1.0,10.0,0.2,1.0,10.0
648,0.002710449384755217,0.0,0.0,1.0,0.0,0.2,1.0,10.0,0.2,1.0,10.0
649,0.0027339841659490666,0.0,0.0,1.0,0.0,0.2,1.0,10.0,0.2,1.0,10.0
650,0.0027577232992068057,0.0,0.0,1.0,0.0,0.2,1.0,10.0,0.2,1.0,10.0
651,0.0027816685589135736,0.0,0.0,1.0,0.0,0.2,1.0,10.0,0.2,1.0,10.0
652,0.0028058217348614664,0.0,0.0,1.0,0.0,0.2,1.0,10.0,0.2,1.0,10.0
653,0.0028301846323833015,0.0,0.0,1.0,0.0,0.2,1.0,10.0,0.2,1.0,10.0
654,0.002854759072487577,0.0,0.0,1.0,0.0,0.2,1.0,10.0,0.2,1.0,10.0
655,0.0028795468919945695,0.0,0.0,1.0,0.0,0.2,1.0,10.0,0.2,1.0,10.0
656,0.002904549943673634,0.0,0.0,1.0,0.0,0.2,1.0,10.0,0.2,1.0,10.0
657,0.002929770096381684,0.0,0.0,1.0,0.0,0.2,1.0,10.0,0.2,1.0,10.0
658,0.002955209235202888,0.0,0.0,1.0,0.0,0.2,1.0,10.0,0.2,1.0,10.0
659,0.002980869261589555,0.0,0.0,1.0,0.0,0.2,1.0,10.0,0.2,1.0,10.0
660,0.0030067520935042774,0.0,0.0,1.0,0.0,0.2,1.0,10.0,0.2,1.0,10.0
661,0.0030328596655632787,0.0,0.0,1.0,0.0,0.2,1.0,10.0,0.2,1.0,10.0
662,0.003059193929181018,0.0,0.0,1.0,0.0,0.2,1.0,10.0,0.2,1.0,10.0
663,0.0030857568527160504,0.0,0.0,1.0,0.0,0.2,1.0,10.0,0.2,1.0,10.0
664,0.003112550421618154,0.0,0.0,1.0,0.0,0.2,1.0,10.0,0.2,1.0,10.0
665,0.003139576638576721,0.0,0.0,1.0,0.0,0.2,1.0,10.0,0.2,1.0,10.0
666,0.003166837523670466,0.0,0.0,1.0,0.0,0.2,1.0,10.0,0.2,1.0,10.0
667,0.003194335114518409,0.0,0.0,1.0,0.0,0.2,1.0,10.0,0.2,1.0,10.0
668,0.003222071466432175,0.0,0.0,1.0,0.0,0.2,1.0,10.0,0.2,1.0,10.0
669,0.003250048652569626,0.0,0.0,1.0,0.0,0.2,1.0,10.0,0.2,1.0,10.0
670,0.003278268764089805,0.0,0.0,1.0,0.0,0.2,1.0,10.0,0.2,1.0,10.0
671,0.0033067339103092586,0.0,0.0,1.0,0.0,0.2,1.0,10.0,0.2,1.0,10.0
672,0.0033354462188596875,0.0,0.0,1.0,0.0,0.2,1.0,10.0,0.2,1.0,10.0
673,0.003364407835846977,0.0,0.0,1.0,0.0,0.2,1.0,10.0,0.2,1.0,10.0
674,0.0033936209260116115,0.0,0.0,1.0,0.0,0.2,1.0,10.0,0.2,1.0,10.0
675,0.003423087672890478,0.0,0.0,1.0,0.0,0.2,1.0,10.0,0.2,1.0,10.0
676,0.003452810278980065,0.0,0.0,1.0,0.0,0.2,1.0,10.0,0.2,1.0,10.0
677,0.0034827909659011047,0.0,0.0,1.0,0.0,0.2,1.0,10.0,0.2,1.0,10.0
678,0.0035130319745646185,0.0,0.0,1.0,0.0,0.2,1.0,10.0,0.2,1.0,10.0
679,0.0035435355653394163,0.0,0.0,1.0,0.0,0.2,1.0,10.0,0.2,1.0,10.0
680,0.0035743040182210513,0.0,0.0,1.0,0.0,0.2,1.0,10.0,0.2,1.0,10.0
681,0.0036053396330022244,0.0,0.0,1.0,0.0,0.2,1.0,10.0,0.2,1.0,10.0
682,0.003636644729444704,0.0,0.0,1.0,0.0,0.2,1.0,10.0,0.2,1.0,10.0
683,0.0036682216474527036,0.0,0.0,1.0,0.0,0.2,1.0,10.0,0.2,1.0,10.0
684,0.00370007274724778,0.0,0.0,1.0,0.0,0.2,1.0,10.0,0.2,1.0,10.0
685,0.0037322004095452508,0.0,0.0,1.0,0.0,0.2,1.0,10.0,0.2,1.0,10.0
686,0.0037646070357321426,0.0,0.0,1.0,0.0,0.2,1.0,10.0,0.2,1.0,10.0
687,0.003797295048046671,0.0,0.0,1.0,0.0,0.2,1.0,10.0,0.2,1.0,10.0
688,0.003830266889759309,0.0,0.0,1.0,0.0,0.2,1.0,10.0,0.2,1.0,10.0
689,0.003863525025355401,0.0,0.0,1.0,0.0,0.2,1.0,10.0,0.2,1.0,10.0
690,0.0038970719407193685,0.0,0.0,1.0,0.0,0.2,1.0,10.0,0.2,1.0,10.0
691,0.003930910143320523,0.0,0.0,1.0,0.0,0.2,1.0,10.0,0.2,1.0,10.0
692,0.003965042162400487,0.0,0.0,1.0,0.0,0.2,1.0,10.0,0.2,1.0,10.0
693,0.003999470549162232,0.0,0.0,1.0,0.0,0.2,1.0,10.0,0.2,1.0,10.0
694,0.004034197876960784,0.0,0.0,1.0,0.0,0.2,1.0,10.0,0.2,1.0,10.0
695,0.004069226741495563,0.0,0.0,1.0,0.0,0.2,1.0,10.0,0.2,1.0,10.0
696,0.004104559761004396,0.0,0.0,1.0,0.0,0.2,1.0,10.0,0.2,1.0,10.0
697,0.004140199576459225,0.0,0.0,1.0,0.0,0.2,1.0,10.0,0.2,1.0,10.0
698,0.004176148851763488,0.0,0.0,1.0,0.0,0.2,1.0,10.0,0.2,1.0,10.0
699,0.004212410273951262,0.0,0.0,1.0,0.0,0.2,1.0,10.0,0.2,1.0,10.0
700,0.004248986553388083,0.0,0.0,1.0,0.0,0.2,1.0,10.0,0.2,1.0,10.0
701,0.004285880423973543,0.0,0.0,1.0,0.0,0.2,1.0,10.0,0.2,1.0,10.0
702,0.004323094643345631,0.0,0.0,1.0,0.0,0.2,1.0,10.0,0.2,1.0,10.0
703,0.0043606319930868595,0.0,0.0,1.0,0.0,0.2,1.0,10.0,0.2,1.0,10.0
704,0.004398495278932157,0.0,0.0,1.0,0.0,0.2,1.0,10.0,0.2,1.0,10.0
705,0.004436687330978612,0.0,0.0,1.0,0.0,0.2,1.0,10.0,0.2,1.0,10.0
706,0.004475211003896981,0.0,0.0,1.0,0.0,0.2,1.0,10.0,0.2,1.0,10.0
707,0.004514069177145081,0.0,0.0,1.0,0.0,0.2,1.0,10.0,0.2,1.0,10.0
708,0.004553264755183008,0.0,0.0,1.0,0.0,0.2,1.0,10.0,0.2,1.0,10.0
709,0.004592800667690216,0.0,0.0,1.0,0.0,0.2,1.0,10.0,0.2,1.0,10.0
710,0.004632679869784527,0.0,0.0,1.0,0.0,0.2,1.0,10.0,0.2,1.0,10.0
711,0.0046729053422429915,0.0,0.0,1.0,0.0,0.2,1.0,10.0,0.2,1.0,10.0
712,0.004713480091724688,0.0,0.0,1.0,0.0,0.2,1.0,10.0,0.2,1.0,10.0
713,0.0047544071509954605,0.0,0.0,1.0,0.0,0.2,1.0,10.0,0.2,1.0,10.0
714,0.0047956895791546085,0.0,0.0,1.0,0.0,0.2,1.0,10.0,0.2,1.0,10.0
715,0.004837330461863519,0.0,0.0,1.0,0.0,0.2,1.0,10.0,0.2,1.0,10.0
716,0.00487933291157633,0.0,0.0,1.0,0.0,0.2,1.0,10.0,0.2,1.0,10.0
717,0.0049217000677725595,0.0,0.0,1.0,0.0,0.2,1.0,10.0,0.2,1.0,10.0
718,0.004964435097191766,0.0,0.0,1.0,0.0,0.2,1.0,10.0,0.2,1.0,10.0
719,0.005007541194070246,0.0,0.0,1.0,0.0,0.2,1.0,10.0,0.2,1.0,10.0
720,0.005051021580379798,0.0,0.0,1.0,0.0,0.2,1.0,10.0,0.2,1.0,10.0
721,0.005094879506068526,0.0,0.0,1.0,0.0,0.2,1.0,10.0,0.2,1.0,10.0
722,0.005139118249303785,0.0,0.0,1.0,0.0,0.2,1.0,10.0,0.2,1.0,10.0
723,0.005183741116717193,0.0,0.0,1.0,0.0,0.2,1.0,10.0,0.2,1.0,10.0
724,0.0052287514436517865,0.0,0.0,1.0,0.0,0.2,1.0,10.0,0.2,1.0,10.0
725,0.00527415259441133,0.0,0.0,1.0,0.0,0.2,1.0,10.0,0.2,1.0,10.0
726,0.005319947962511759,0.0,0.0,1.0,0.0,0.2,1.0,10.0,0.2,1.0,10.0
727,0.005366140970934858,0.0,0.0,1.0,0.0,0.2,1.0,10.0,0.2,1.0,10.0
728,0.005412735072384094,0.0,0.0,1.0,0.0,0.2,1.0,10.0,0.2,1.0,10.0
729,0.005459733749542693,0.0,0.0,1.0,0.0,0.2,1.0,10.0,0.2,1.0,10.0
730,0.005507140515333957,0.0,0.0,1.0,0.0,0.2,1.0,10.0,0.2,1.0,10.0
731,0.0055549589131838354,0.0,0.0,1.0,0.0,0.2,1.0,10.0,0.2,1.0,10.0
732,0.005603192517285767,0.0,0.0,1.0,0.0,0.2,1.0,10.0,0.2,1.0,10.0
733,0.005651844932867859,0.0,0.0,1.0,0.0,0.2,1.0,10.0,0.2,1.0,10.0
734,0.005700919796462342,0.0,0.0,1.0,0.0,0.2,1.0,10.0,0.2,1.0,10.0
735,0.005750420776177388,0.0,0.0,1.0,0.0,0.2,1.0,10.0,0.2,1.0,10.0
736,0.005800351571971289,0.0,0.0,1.0,0.0,0.2,1.0,10.0,0.2,1.0,10.0
737,0.005850715915928988,0.0,0.0,1.0,0.0,0.2,1.0,10.0,0.2,1.0,10.0
738,0.00590151757254107,0.0,0.0,1.0,0.0,0.2,1.0,10.0,0.2,1.0,10.0
739,0.005952760338985114,0.0,0.0,1.0,0.0,0.2,1.0,10.0,0.2,1.0,10.0
740,0.00600444804540952,0.0,0.0,1.0,0.0,0.2,1.0,10.0,0.2,1.0,10.0
741,0.0060565845552197975,0.0,0.0,1.0,0.0,0.2,1.0,10.0,0.2,1.0,10.0
742,0.006109173765367339,0.0,0.0,1.0,0.0,0.2,1.0,10.0,0.2,1.0,10.0
743,0.006162219606640671,0.0,0.0,1.0,0.0,0.2,1.0,10.0,0.2,1.0,10.0
744,0.006215726043959306,0.0,0.0,1.0,0.0,0.2,1.0,10.0,0.2,1.0,10.0
745,0.006269697076670071,0.0,0.0,1.0,0.0,0.2,1.0,10.0,0.2,1.0,10.0
746,0.006324136738846044,0.0,0.0,1.0,0.0,0.2,1.0,10.0,0.2,1.0,10.0
747,0.006379049099588087,0.0,0.0,1.0,0.0,0.2,1.0,10.0,0.2,1.0,10.0
748,0.006434438263328995,0.0,0.0,1.0,0.0,0.2,1.0,10.0,0.2,1.0,10.0
749,0.006490308370140252,0.0,0.0,1.0,0.0,0.2,1.0,10.0,0.2,1.0,10.0
750,0.006546663596041531,0.0,0.0,1.0,0.0,0.2,1.0,10.0,0.2,1.0,10.0
751,0.006603508153312794,0.0,0.0,1.0,0.0,0.2,1.0,10.0,0.2,1.0,10.0
752,0.006660846290809154,0.0,0.0,1.0,0.0,0.2,1.0,10.0,0.2,1.0,10.0
753,0.0067186822942784585,0.0,0.0,1.0,0.0,0.2,1.0,10.0,0.2,1.0,10.0
754,0.006777020486681604,0.0,0.0,1.0,0.0,0.2,1.0,10.0,0.2,1.0,10.0
755,0.006835865228515693,0.0,0.0,1.0,0.0,0.2,1.0,10.0,0.2,1.0,10.0
756,0.0068952209181399405,0.0,0.0,1.0,0.0,0.2,1.0,10.0,0.2,1.0,10.0
757,0.006955091992104427,0.0,0.0,1.0,0.0,0.2,1.0,10.0,0.2,1.0,10.0
758,0.00701548292548172,0.0,0.0,1.0,0.0,0.2,1.0,10.0,0.2,1.0,10.0
759,0.007076398232201358,0.0,0.0,1.0,0.0,0.2,1.0,10.0,0.2,1.0,10.0
760,0.007137842465387231,0.0,0.0,1.0,0.0,0.2,1.0,10.0,0.2,1.0,10.0
761,0.0071998202176979335,0.0,0.0,1.0,0.0,0.2,1.0,10.0,0.2,1.0,10.0
762,0.007262336121670027,0.0,0.0,1.0,0.0,0.2,1.0,10.0,0.2,1.0,10.0
763,0.0073253948500642966,0.0,0.0,1.0,0.0,0.2,1.0,10.0,0.2,1.0,10.0
764,0.007389001116215032,0.0,0.0,1.0,0.0,0.2,1.0,10.0,0.2,1.0,10.0
765,0.007453159674382292,0.0,0.0,1.0,0.0,0.2,1.0,10.0,0.2,1.0,10.0
766,0.00751787532010731,0.0,0.0,1.0,0.0,0.2,1.0,10.0,0.2,1.0,10.0
767,0.007583152890570905,0.0,0.0,1.0,0.0,0.2,1.0,10.0,0.2,1.0,10.0
768,0.0076489972649550495,0.0,0.0,1.0,0.0,0.2,1.0,10.0,0.2,1.0,10.0
769,0.007715413364807557,0.0,0.0,1.0,0.0,0.2,1.0,10.0,0.2,1.0,10.0
770,0.007782406154409961,0.0,0.0,1.0,0.0,0.2,1.0,10.0,0.2,1.0,10.0
771,0.007849980641148531,0.0,0.0,1.0,0.0,0.2,1.0,10.0,0.2,1.0,10.0
772,0.007918141875888605,0.0,0.0,1.0,0.0,0.2,1.0,10.0,0.2,1.0,10.0
773,0.007986894953352077,0.0,0.0,1.0,0.0,0.2,1.0,10.0,0.2,1.0,10.0
774,0.008056245012498221,0.0,0.0,1.0,0.0,0.2,1.0,10.0,0.2,1.0,10.0
775,0.008126197236907802,0.0,0.0,1.0,0.0,0.2,1.0,10.0,0.2,1.0,10.0
776,0.0081967568551705,0.0,0.0,1.0,0.0,0.2,1.0,10.0,0.2,1.0,10.0
777,0.00826792914127576,0.0,0.0,1.0,0.0,0.2,1.0,10.0,0.2,1.0,10.0
778,0.008339719415006976,0.0,0.0,1.0,0.0,0.2,1.0,10.0,0.2,1.0,10.0
779,0.008412133042339114,0.0,0.0,1.0,0.0,0.2,1.0,10.0,0.2,1.0,10.0
780,0.008485175435839808,0.0,0.0,1.0,0.0,0.2,1.0,10.0,0.2,1.0,10.0
781,0.008558852055073918,0.0,0.0,1.0,0.0,0.2,1.0,10.0,0.2,1.0,10.0
782,0.008633168407011584,0.0,0.0,1.0,0.0,0.2,1.0,10.0,0.2,1.0,10.0
783,0.008708130046439881,0.0,0.0,1.0,0.0,0.2,1.0,10.0,0.2,1.0,10.0
784,0.008783742576377996,0.0,0.0,1.0,0.0,0.2,1.0,10.0,0.2,1.0,10.0
785,0.008860011648496023,0.0,0.0,1.0,0.0,0.2,1.0,10.0,0.2,1.0,10.0
786,0.008936942963537402,0.0,0.0,1.0,0.0,0.2,1.0,10.0,0.2,1.0,10.0
787,0.00901454227174503,0.0,0.0,1.0,0.0,0.2,1.0,10.0,0.2,1.0,10.0
788,0.009092815373291025,0.0,0.0,1.0,0.0,0.2,1.0,10.0,0.2,1.0,10.0
789,0.009171768118710325,0.0,0.0,1.0,0.0,0.2,1.0,10.0,0.2,1.0,10.0
790,0.009251406409337939,0.0,0.0,1.0,0.0,0.2,1.0,10.0,0.2,1.0,10.0
791,0.00933173619775006,0.0,0.0,1.0,0.0,0.2,1.0,10.0,0.2,1.0,10.0
792,0.009412763488208993,0.0,0.0,1.0,0.0,0.2,1.0,10.0,0.2,1.0,10.0
793,0.00949449433711192,0.0,0.0,1.0,0.0,0.2,1.0,10.0,0.2,1.0,10.0
794,0.009576934853443624,0.0,0.0,1.0,0.0,0.2,1.0,10.0,0.2,1.0,10.0
795,0.00966009119923309,0.0,0.0,1.0,0.0,0.2,1.0,10.0,0.2,1.0,10.0
796,0.009743969590014076,0.0,0.0,1.0,0.0,0.2,1.0,10.0,0.2,1.0,10.0
797,0.00982857629528971,0.0,0.0,1.0,0.0,0.2,1.0,10.0,0.2,1.0,10.0
798,0.009913917639001103,0.0,0.0,1.0,0.0,0.2,1.0,10.0,0.2,1.0,10.0
799,0.01,0.0,0.0,1.0,0.0,0.2,1.0,10.0,0.2,1.0,10.0
